time,value
1553978135.533667,1
1553978135.533968,12
1553978135.535489,13
1553978309.016675,1
1553978309.018024,12
1553978309.018354,13
