time,value
1554022364.011883,73
1554022686.4403222,73
