time,value
1553978135.533667,1
1553978135.533968,12
1553978135.535489,13
1553978309.016675,1
1553978309.018024,12
1553978309.018354,13
1553985297.22734,73
1553985373.7413068,73
1553985418.5068429,73
1553985537.265515,73
1553985864.89007,73
1553990812.377256,73
1553991054.351546,73
1553991646.885968,73
1553991719.1458151,73
